,#_week,date_week,SALES,D15,D20,D25,D30,PRICE,MKT,COMPETITIVE SPEND,AGENTS,OTHER MEDIA,PROGRAMMATIC,PROGRAMMATIC_IMP,OOH,OOH_IMP,CONTEXT BRANDED GOOGLE,CONTEXT BRANDED YANDEX,CONTEXT UNBRANDED GOOGLE,CONTEXT UNBRANDED YANDEX,CONTEXT BRANDED GOOGLE_IMP,CONTEXT BRANDED YANDEX_IMP,CONTEXT UNBRANDED GOOGLE_IMP,CONTEXT UNBRANDED YANDEX_IMP,BASES AVITO,BASES CIAN,BASES YANDEX,BASES OTH,BASES M2,BASES DOMCLICK,BASES AVITO_IMP,BASES CIAN_IMP,BASES YANDEX_IMP,BASES OTH_IMP,BASES M2_IMP,BASES DOMCLICK_IMP,CLASSIFIEDS CIAN,CLASSIFIEDS IRN,CLASSIFIEDS NOVOSTROY GID,CLASSIFIEDS NOVOSTROY-M,CLASSIFIEDS OTHER,CLASSIFIEDS CIAN_IMP,CLASSIFIEDS IRN_IMP,CLASSIFIEDS NOVOSTROY GID_IMP,CLASSIFIEDS NOVOSTROY-M_IMP,CLASSIFIEDS OTHER_IMP,SALES_mln,SALES_mln_rolling,SALES_log,key_rate,Отчетная дата,"Количество предоставленных кредитов за месяц, единиц","Объем предоставленных кредитов за месяц, млн руб.","Задолженность по предоставленным кредитам, млн руб., в том числе","     просроченная задолженность по предоставленным кредитам, млн руб.","Задолженность по приобретенным кредитными организациями правам требования по ипотечным жилищным кредитам, млн руб.","Задолженность  по предоставленным кредитам с учетом  приобретенных кредитными организациями прав требования, млн руб.","Средневзвешенный срок кредитования по кредитам, выданным в течение месяца, месяцев","Средневзвешенная ставка по кредитам, выданным в течение месяца, %",date_mort,date_ex,usd,cny
0,1,2022-01-01,0.0,0,0,0,0,0.0,0.0,106191135.96952905,0.0,0.0,0.0,0.0,0.0,14009.4,0.0,0.0,0.0,0.0,0.0,0.0,0.0,0.0,0.0,0.0,0.0,0.0,0.0,0.0,0.0,0.0,0.0,0.0,0.0,0.0,0.0,0.0,0.0,0.0,0.0,0.0,0.0,0.0,0.0,0.0,0.0,,0.0,8.5,01.01.2022,192410,641337,11752902,59471,250806,12003708,257.1,7.81,2022-01-01,2021-12-31,74.2926,11.65
1,2,2022-01-08,0.0,0,0,0,0,0.0,125934579.88,106191135.96952905,0.0,20328552.0,0.0,0.0,571608.46,141427.86,98427.86,81945.95999999999,170590.46,280311.83999999997,1001.9,1472.32,1830047.32,391718.82,231969.52,62780.0,116576.44,83985.88,0.0,0.0,92787.808,25112.0,46630.576,33594.352,0.0,0.0,0.0,0.0,0.0,0.0,0.0,0.0,0.0,0.0,0.0,0.0,0.0,,0.0,8.5,01.01.2022,192410,641337,11752902,59471,250806,12003708,257.1,7.81,2022-01-01,2021-12-31,74.2926,11.65
2,3,2022-01-15,149983064.62100002,0,0,0,0,351577.74172761367,2478954396.32,106191135.96952905,1779062.2802,21232556.0,0.0,0.0,571608.46,138290.58,103304.92,146252.46,196435.18,286164.14,1476.62,2577.42,1917877.4,366124.36,231969.52,153940.0,116576.44,83985.88,0.0,0.0,92787.808,61576.0,46630.576,33594.352,0.0,0.0,0.0,0.0,0.0,0.0,0.0,0.0,0.0,0.0,0.0,0.0,149.983064621,,5.017167675697287,8.5,01.01.2022,192410,641337,11752902,59471,250806,12003708,257.1,7.81,2022-01-01,2022-01-15,75.7668,11.95
3,4,2022-01-22,172073233.70420003,0,0,0,0,378182.931218022,1162480398.84,106191135.96952905,635166.3472,21412347.0,0.0,0.0,571608.46,140762.22,95522.78,137145.91999999998,189737.5,130286.56,1530.8,76935.6,1671996.52,242828.74,231969.52,233490.0,116576.44,83985.88,0.0,0.0,92787.808,93396.0,46630.576,33594.352,0.0,0.0,0.0,0.0,0.0,0.0,0.0,0.0,0.0,0.0,0.0,0.0,172.07323370420002,,5.153714821133999,8.5,01.01.2022,192410,641337,11752902,59471,250806,12003708,257.1,7.81,2022-01-01,2022-01-22,76.6903,12.1
4,5,2022-01-29,300130820.15360004,0,0,0,0,348139.21836631483,1424906375.94,106191135.96952905,2702299.7486,21232259.0,0.0,0.0,571608.46,144937.52,118774.59999999999,128849.5,267426.46,210145.3,1627.12,142295.6,2593613.8,765436.98,231969.52,267030.0,116576.44,83985.88,0.0,0.0,92787.808,106812.0,46630.576,33594.352,0.0,0.0,0.0,0.0,0.0,0.0,0.0,0.0,0.0,0.0,0.0,0.0,300.13082015360004,124.43742369576003,5.707544788780132,8.5,01.01.2022,192410,641337,11752902,59471,250806,12003708,257.1,7.81,2022-01-01,2022-01-29,77.8174,12.23
5,6,2022-02-05,78824627.1348,0,0,0,0,380060.88300289307,1759641872.86,106191135.96952905,677260.6984,18096830.0,0.0,0.0,891651.44,161452.96,156698.02,114639.72,92537.72,131267.82,1514.46,5997.64,280521.68,758072.7999999999,265948.12,169201.56,121011.45999999999,21604.92,0.0,0.0,106379.248,67680.624,48404.584,8641.967999999999,0.0,0.0,0.0,0.0,0.0,0.0,0.0,0.0,0.0,0.0,0.0,0.0,78.8246271348,140.20234912272002,4.379832067557052,8.5,01.02.2022,94982,326952,11891395,59552,247950,12139346,262.2,7.87,2022-02-01,2022-02-05,76.0509,11.96
6,7,2022-02-12,217691336.8384,0,0,0,0,378396.205177125,2311660842.64,140997879.7740384,2016176.6641999998,17347846.0,0.0,0.0,944991.22,174416.6,139212.5,64005.5,216339.88,232750.4,1538.54,19066.2,610802.96,961364.76,271611.22,197401.82,121750.2,11208.38,0.0,0.0,108644.488,78960.728,48700.08,4483.352,0.0,0.0,0.0,0.0,0.0,0.0,0.0,0.0,0.0,0.0,0.0,0.0,217.69133683840002,183.74061649040001,5.387661314819496,8.5,01.02.2022,94982,326952,11891395,59552,247950,12139346,262.2,7.87,2022-02-01,2022-02-12,74.9867,11.79
7,8,2022-02-19,348117272.6696,0,0,0,0,381039.04626707535,3586226951.54,140997879.7740384,3415097.2809999995,17696518.0,0.0,0.0,944991.22,176730.86,93600.68,155945.52,106131.74,179813.1,1354.5,225307.1,161700.63999999998,538204.34,271611.22,197401.82,121750.2,11208.38,0.0,0.0,108644.488,78960.728,48700.08,4483.352,0.0,0.0,0.0,0.0,0.0,0.0,0.0,0.0,0.0,0.0,0.0,0.0,348.1172726696,223.36745810012002,5.855407890599985,9.5,01.02.2022,94982,326952,11891395,59552,247950,12139346,262.2,7.87,2022-02-01,2022-02-19,75.7619,11.98
8,9,2022-02-26,246580951.15780002,0,0,0,0,401140.31423100707,2389609793.54,140997879.7740384,1298224.2229999998,16410886.0,0.0,0.0,944991.22,175277.46,140816.4,137505.4,94398.76,89257.68,1109.4,168351.88,129322.5,520163.26,271611.22,197401.82,121750.2,11208.38,0.0,0.0,108644.488,78960.728,48700.08,4483.352,0.0,0.0,0.0,0.0,0.0,0.0,0.0,0.0,0.0,0.0,0.0,0.0,246.58095115780003,238.26900159084002,5.511737603916302,9.5,01.02.2022,94982,326952,11891395,59552,247950,12139346,262.2,7.87,2022-02-01,2022-02-26,83.5485,13.23
9,10,2022-03-05,290439306.0638,0,0,0,0,376900.21549935115,2604949312.94,140997879.7740384,1246398.5676000002,17760970.0,0.0,0.0,205454.0,78826.74,68677.88,111640.04,38629.479999999996,91579.68,645.0,3024.62,104949.24,832456.78,210019.74,176227.76,69709.88,10461.9,0.0,0.0,84007.89600000001,70491.10399999999,27883.952,4184.76,0.0,0.0,0.0,0.0,0.0,0.0,0.0,0.0,0.0,0.0,0.0,0.0,290.43930606379996,236.33069877288,5.674831771637221,20.0,01.03.2022,135663,476900,12163639,59216,246102,12409741,264.5,8.1,2022-03-01,2022-03-05,105.8124,16.74
10,11,2022-03-12,142008919.2322,0,0,0,0,382670.2215904069,716413613.1,156926109.46636337,588336.4404000001,17199604.0,0.0,0.0,82197.94,36418.42,356.04,112052.84,0.0,178499.88,74.82,1158.42,0.0,766137.02,199753.91999999998,172698.32,61036.78,10337.2,0.0,0.0,79901.568,69079.32800000001,24414.712,4134.88,0.0,0.0,0.0,0.0,0.0,0.0,0.0,0.0,0.0,0.0,0.0,0.0,142.0089192322,248.96755719235998,4.962907000567986,20.0,01.03.2022,135663,476900,12163639,59216,246102,12409741,264.5,8.1,2022-03-01,2022-03-12,116.7517,18.47
11,12,2022-03-19,135079585.40960002,0,0,0,0,404672.2151276213,3624828038.64,156926109.46636337,997867.4858,17005141.0,0.0,0.0,82197.94,36647.18,76.53999999999999,115347.5,0.0,111332.16,6.02,1402.66,0.0,202053.56,199753.91999999998,172698.32,61036.78,10337.2,0.0,0.0,79901.568,69079.32800000001,24414.712,4134.88,0.0,0.0,0.0,0.0,0.0,0.0,0.0,0.0,0.0,0.0,0.0,0.0,135.0795854096,232.44520690660002,4.913239901416299,20.0,01.03.2022,135663,476900,12163639,59216,246102,12409741,264.5,8.1,2022-03-01,2022-03-19,103.9524,16.33
12,13,2022-03-26,113901396.34319998,0,0,0,0,422953.5697853694,2970397637.2599998,156926109.46636337,781002.335,17863838.0,0.0,0.0,82197.94,36199.12,0.0,121702.04,0.0,102536.08,0.0,2144.84,0.0,170848.46,199753.91999999998,172698.32,61036.78,10337.2,0.0,0.0,79901.568,69079.32800000001,24414.712,4134.88,0.0,0.0,0.0,0.0,0.0,0.0,0.0,0.0,0.0,0.0,0.0,0.0,113.90139634319998,185.60203164132,4.744074337463199,20.0,01.03.2022,135663,476900,12163639,59216,246102,12409741,264.5,8.1,2022-03-01,2022-03-26,95.6618,15.03
13,14,2022-04-02,125951426.205,0,0,0,0,424937.33537449397,1224043305.34,156926109.46636337,990152.4172,21640693.0,0.0,0.0,387114.38,26136.26,0.0,123497.72,0.0,58030.22,0.0,1381.16,0.0,97372.64,139195.3,153574.5,71540.81999999999,15114.5,0.0,0.0,55678.12,61429.799999999996,28616.328,6045.8,0.0,0.0,0.0,0.0,0.0,0.0,0.0,0.0,0.0,0.0,0.0,0.0,125.951426205,161.47612665076,4.843804542471198,20.0,01.04.2022,162766,521283,12435067,57090,241349,12676415,266.1,8.05,2022-04-01,2022-04-02,83.4285,13.11
14,15,2022-04-09,54356697.6984,0,0,0,0,426327.0407717647,1245385386.12,196828958.89323595,460334.5564,26497977.0,0.0,0.0,793669.0599999999,22152.739999999998,0.0,97053.58,0.0,155707.3,0.0,1247.0,0.0,515637.08,58449.04,128075.5,85545.92,21484.52,0.0,0.0,23379.615999999998,51230.2,34218.368,8593.807999999999,0.0,0.0,0.0,0.0,0.0,0.0,0.0,0.0,0.0,0.0,0.0,0.0,54.3566976984,114.25960497768001,4.013797658128464,20.0,01.04.2022,162766,521283,12435067,57090,241349,12676415,266.1,8.05,2022-04-01,2022-04-09,74.8501,11.76
15,16,2022-04-16,93294204.91319999,0,0,0,0,509525.96894156194,733127250.42,196828958.89323595,159231.10700000002,26733429.0,0.0,0.0,793669.0599999999,155353.84,0.0,112314.28,0.0,119235.56,0.0,1233.24,0.0,413755.46,58449.04,128075.5,85545.92,21484.52,0.0,0.0,23379.615999999998,51230.2,34218.368,8593.807999999999,0.0,0.0,0.0,0.0,0.0,0.0,0.0,0.0,0.0,0.0,0.0,0.0,93.29420491319999,104.51666211388002,4.546419734020407,17.0,01.04.2022,162766,521283,12435067,57090,241349,12676415,266.1,8.05,2022-04-01,2022-04-16,80.0437,12.56
16,17,2022-04-23,22249828.367,0,0,0,0,342305.0518,565839932.6,196828958.89323595,0.0,26852858.0,0.0,0.0,793669.0599999999,155150.88,0.0,112831.14,0.0,78486.18,0.0,1158.42,0.0,120644.24,58449.04,128075.5,85545.92,21484.52,0.0,0.0,23379.615999999998,51230.2,34218.368,8593.807999999999,0.0,0.0,0.0,0.0,0.0,0.0,0.0,0.0,0.0,0.0,0.0,0.0,22.249828367,81.95071070536,3.1462977499416014,17.0,01.04.2022,162766,521283,12435067,57090,241349,12676415,266.1,8.05,2022-04-01,2022-04-23,73.505,11.31
17,18,2022-04-30,128001974.5236,0,0,0,0,402395.3930323797,616433191.66,196828958.89323595,675800.8312,25091620.0,0.0,0.0,798903.88,84410.72,0.0,115332.88,0.0,94427.14,0.0,1095.6399999999999,0.0,189252.46,58540.2,147717.04,91802.42,22904.38,532.34,0.0,23416.079999999998,59086.816000000006,36720.968,9161.752,212.93599999999998,0.0,0.0,0.0,0.0,0.0,0.0,0.0,0.0,0.0,0.0,0.0,128.00197452359998,84.77082634144,4.859827710629027,17.0,01.04.2022,162766,521283,12435067,57090,241349,12676415,266.1,8.05,2022-04-01,2022-04-30,71.0237,10.85
18,19,2022-05-07,15867131.141399998,0,0,0,0,452055.0182735042,626700454.74,145623479.35033935,0.0,15092633.0,0.0,0.0,830311.94,82040.56,0.0,80317.98,0.0,86054.18,0.0,880.64,0.0,138677.58,59088.02,265567.14,129340.56,31425.26,3728.1,0.0,23635.208,106226.856,51736.224,12570.104,1491.24,0.0,0.0,0.0,0.0,0.0,0.0,0.0,0.0,0.0,0.0,0.0,15.867131141399998,62.75396732872,2.8253668252738136,14.0,01.05.2022,49371,161604,12424527,56241,238509,12663036,263.4,7.64,2022-05-01,2022-05-07,67.3843,10.04
19,20,2022-05-14,0.0,0,0,0,0,0.0,201023839.0,145623479.35033935,0.0,15128481.0,0.0,0.0,830311.94,160993.72,0.0,80855.48,0.0,98692.74,0.0,1006.1999999999999,0.0,102098.34,59088.02,265567.14,129340.56,31425.26,3728.1,0.0,23635.208,106226.856,51736.224,12570.104,1491.24,0.0,0.0,0.0,0.0,0.0,0.0,0.0,0.0,0.0,0.0,0.0,0.0,51.88262778904,0.0,14.0,01.05.2022,49371,161604,12424527,56241,238509,12663036,263.4,7.64,2022-05-01,2022-05-14,63.7799,9.37
20,21,2022-05-21,37093887.899399996,0,0,0,0,371310.18918318313,236281689.0,145623479.35033935,338620.4248,15663523.0,0.0,0.0,830311.94,173462.0,0.0,102546.4,0.0,103722.02,0.0,1111.12,0.0,234995.86,59088.02,265567.14,129340.56,31425.26,3728.1,0.0,23635.208,106226.856,51736.224,12570.104,1491.24,0.0,0.0,0.0,0.0,0.0,0.0,0.0,0.0,0.0,0.0,0.0,37.093887899399995,40.64256438628,3.640053846675649,14.0,01.05.2022,49371,161604,12424527,56241,238509,12663036,263.4,7.64,2022-05-01,2022-05-21,58.8862,8.88
21,22,2022-05-28,30132857.0654,0,0,0,0,362609.59164139593,871492528.3,145623479.35033935,989987.8389999999,16267834.0,0.0,0.0,830311.94,76924.42,0.0,111775.06,0.0,160468.26,0.0,1218.62,0.0,505843.39999999997,59088.02,265567.14,129340.56,31425.26,3728.1,0.0,23635.208,106226.856,51736.224,12570.104,1491.24,0.0,0.0,0.0,0.0,0.0,0.0,0.0,0.0,0.0,0.0,0.0,30.1328570654,42.21917012595999,3.438263758764452,11.0,01.05.2022,49371,161604,12424527,56241,238509,12663036,263.4,7.64,2022-05-01,2022-05-28,66.4029,10.06
22,23,2022-06-04,0.0,0,0,0,0,0.0,589572391.12,145623479.35033935,0.0,36446263.0,0.0,0.0,1385253.6,0.0,0.0,136297.96,0.0,177585.7,0.0,1658.08,0.0,564049.0599999999,68521.36,667295.5,386527.0,25480.94,22995.54,0.0,27408.544,266918.2,154610.8,10192.376,9198.216,0.0,0.0,0.0,0.0,0.0,0.0,0.0,0.0,0.0,0.0,0.0,0.0,16.61877522124,0.0,11.0,01.06.2022,36603,139688,12412689,56206,235112,12647800,272.3,6.17,2022-06-01,2022-06-04,61.9659,9.42
23,24,2022-06-11,152343076.922,0,1,0,0,307143.30024596764,369653578.98,157065886.11813915,2031853.6988000001,44288094.0,0.0,0.0,1607230.78,0.0,0.0,259827.5,0.0,157327.54,0.0,2805.32,0.0,459190.12,72295.04,827986.5,489401.92,23103.04,30702.0,0.0,28918.016,331194.6,195760.76799999998,9241.216,12280.8,0.0,0.0,0.0,0.0,0.0,0.0,0.0,0.0,0.0,0.0,0.0,152.343076922,43.91396437736,5.032677743939602,11.0,01.06.2022,36603,139688,12412689,56206,235112,12647800,272.3,6.17,2022-06-01,2022-06-11,57.778,8.9
24,25,2022-06-18,234442459.61479995,0,1,0,0,278369.1042683448,796391256.6999999,157065886.11813915,1616839.9556,44569505.0,0.0,0.0,1607230.78,0.0,0.0,322239.42,0.0,123392.8,0.0,3185.44,0.0,265581.76,72295.04,827986.5,489401.92,23103.04,30702.0,0.0,28918.016,331194.6,195760.76799999998,9241.216,12280.8,0.0,0.0,0.0,0.0,0.0,0.0,0.0,0.0,0.0,0.0,0.0,234.44245961479996,90.80245630031999,5.461466550756479,9.5,01.06.2022,36603,139688,12412689,56206,235112,12647800,272.3,6.17,2022-06-01,2022-06-18,56.7101,8.56
25,26,2022-06-25,660786449.5534,0,1,0,0,310636.72882352385,1062861382.08,157065886.11813915,7046310.8936,44525802.0,0.0,0.0,1607230.78,0.0,0.0,335462.77999999997,0.0,105299.26,0.0,3712.62,0.0,174346.08,72295.04,827986.5,489401.92,23103.04,30702.0,0.0,28918.016,331194.6,195760.76799999998,9241.216,12280.8,0.0,0.0,0.0,0.0,0.0,0.0,0.0,0.0,0.0,0.0,0.0,660.7864495534001,215.54096863112,6.494942920139483,9.5,01.06.2022,36603,139688,12412689,56206,235112,12647800,272.3,6.17,2022-06-01,2022-06-25,53.3234,8.02
26,27,2022-07-02,609216213.3191998,0,1,0,0,349101.03336152644,485099694.32,157065886.11813915,10434864.7562,39166570.0,0.0,0.0,1453183.28,8193311.509189019,0.0,269741.58,0.0,159847.34,0.0,4068.66,0.0,368396.48,67919.36,821185.62,415987.16,54467.24,21372.72,0.0,27167.744000000002,328474.24799999996,166394.864,21786.895999999997,8549.088,0.0,0.0,0.0,0.0,0.0,0.0,0.0,0.0,0.0,0.0,0.0,609.2162133191998,331.35763988188,6.413813342429743,9.5,01.07.2022,65439,253458,12502252,55694,231570,12733822,269.9,6.36,2022-07-01,2022-07-02,53.7676,8.59
27,28,2022-07-09,287712326.749,0,1,0,0,363410.79543892894,774081267.42,143303991.08037448,1667008.5543999998,31850081.0,0.0,0.0,1247786.9,7035249.379407452,0.0,264935.9,0.0,175285.2,0.0,2991.94,0.0,382674.2,62083.4,812117.78,318101.1,96284.74,8932.82,0.0,24833.36,324847.112,127240.44,38513.896,3573.128,0.0,0.0,0.0,0.0,0.0,0.0,0.0,0.0,0.0,0.0,0.0,287.712326749,388.90010523167996,5.665430783190701,9.5,01.07.2022,65439,253458,12502252,55694,231570,12733822,269.9,6.36,2022-07-01,2022-07-09,61.2664,9.28
28,29,2022-07-16,382590959.64540005,0,1,0,0,343562.2841643319,503947079.36,143303991.08037448,2829617.9669999997,32372290.0,0.0,0.0,1247786.9,7035249.379407452,0.0,228969.84,0.0,182309.68,0.0,2690.94,0.0,483851.48,62083.4,812117.78,318101.1,96284.74,8932.82,0.0,24833.36,324847.112,127240.44,38513.896,3573.128,0.0,0.0,0.0,0.0,0.0,0.0,0.0,0.0,0.0,0.0,0.0,382.59095964540006,434.94968177636,5.949576775592367,9.5,01.07.2022,65439,253458,12502252,55694,231570,12733822,269.9,6.36,2022-07-01,2022-07-16,57.8323,8.57
29,30,2022-07-23,339627559.3448,0,1,0,0,369120.2688238235,708358778.28,143303991.08037448,2817646.2596000005,32616348.0,0.0,0.0,1247786.9,7035249.379407452,0.0,211429.28,0.0,183971.2,0.0,2352.1,0.0,853004.76,62083.4,812117.78,318101.1,96284.74,8932.82,0.0,24833.36,324847.112,127240.44,38513.896,3573.128,0.0,0.0,0.0,0.0,0.0,0.0,0.0,0.0,0.0,0.0,0.0,339.6275593448,455.98670172235995,5.830789679062089,9.5,01.07.2022,65439,253458,12502252,55694,231570,12733822,269.9,6.36,2022-07-01,2022-07-23,57.3917,8.58
30,31,2022-07-30,434699332.35700005,0,1,0,0,373324.744380797,1786457523.3999999,143303991.08037448,3321975.3027999997,32132174.0,0.0,0.0,1247786.9,7035249.379407452,0.0,165413.26,0.0,141686.72,0.0,2513.7799999999997,0.0,509366.82,62083.4,812117.78,318101.1,96284.74,8932.82,0.0,24833.36,324847.112,127240.44,38513.896,3573.128,0.0,0.0,0.0,0.0,0.0,0.0,0.0,0.0,0.0,0.0,0.0,434.69933235700006,410.76927828308,6.076952400776572,8.0,01.07.2022,65439,253458,12502252,55694,231570,12733822,269.9,6.36,2022-07-01,2022-07-30,61.3101,9.22
31,32,2022-08-06,144489220.4556,0,1,0,0,323097.5412692307,1665538025.78,143303991.08037448,1420185.7164,35406188.0,0.0,0.0,1075193.5,0.0,0.0,145277.22,0.0,140511.96,0.0,2205.9,0.0,599427.74,68825.8,908317.38,251499.26,7950.7,11166.24,0.0,27530.32,363326.952,100599.704,3180.2799999999997,4466.496,0.0,0.0,0.0,0.0,0.0,0.0,0.0,0.0,0.0,0.0,0.0,144.4892204556,317.8238797103601,4.980101997651221,8.0,01.08.2022,91602,341657,12675271,55008,228844,12904115,274.8,6.67,2022-08-01,2022-08-06,60.3696,8.97
32,33,2022-08-13,116348000.64239998,0,1,0,0,414787.88107807474,620167973.0,204959721.52173722,473285.5544,35719592.0,0.0,0.0,1075193.5,0.0,0.0,165363.38,0.0,191335.38,0.0,2033.8999999999999,0.0,739440.04,68825.8,908317.38,251499.26,7950.7,11166.24,0.0,27530.32,363326.952,100599.704,3180.2799999999997,4466.496,0.0,0.0,0.0,0.0,0.0,0.0,0.0,0.0,0.0,0.0,0.0,116.34800064239998,283.55101448904,4.765143884592454,8.0,01.08.2022,91602,341657,12675271,55008,228844,12904115,274.8,6.67,2022-08-01,2022-08-13,60.8993,9.04
33,34,2022-08-20,244133268.93459997,0,1,0,0,415051.4602764366,859375699.34,204959721.52173722,1769053.5486,35745731.0,0.0,0.0,1075193.5,0.0,0.0,171803.91999999998,0.0,233939.78,0.0,2082.92,0.0,1238017.3,68825.8,908317.38,251499.26,7950.7,11166.24,0.0,27530.32,363326.952,100599.704,3180.2799999999997,4466.496,0.0,0.0,0.0,0.0,0.0,0.0,0.0,0.0,0.0,0.0,0.0,244.13326893459995,255.85947634688,5.501802017490025,8.0,01.08.2022,91602,341657,12675271,55008,228844,12904115,274.8,6.67,2022-08-01,2022-08-20,59.1321,8.66
34,35,2022-08-27,48654242.344000004,0,1,0,0,351294.1685487365,1187705536.1399999,204959721.52173722,654415.1596,35755523.0,0.0,0.0,1075193.5,0.0,0.0,218363.46,0.0,193606.63999999998,0.0,1945.32,0.0,1545081.16,68825.8,908317.38,251499.26,7950.7,11166.24,0.0,27530.32,363326.952,100599.704,3180.2799999999997,4466.496,0.0,0.0,0.0,0.0,0.0,0.0,0.0,0.0,0.0,0.0,0.0,48.654242344000004,197.66481294672002,3.9050838318359307,8.0,01.08.2022,91602,341657,12675271,55008,228844,12904115,274.8,6.67,2022-08-01,2022-08-27,60.0924,8.74
35,36,2022-09-03,249464060.67760003,0,1,0,0,362329.7903814089,1298016090.96,204959721.52173722,2611560.1682,34343821.0,0.0,0.0,1787757.68,10079702.799212676,0.0,229446.28,0.0,220879.82,0.0,2061.42,0.0,1992503.9,59349.46,705346.2,218347.12,60227.52,6104.28,0.0,23739.784,282138.48,87338.848,24091.007999999998,2441.712,0.0,0.0,0.0,0.0,0.0,0.0,0.0,0.0,0.0,0.0,0.0,249.46406067760003,160.61775861084,5.523315439883162,8.0,01.09.2022,121868,457702,12787081,55974,224991,13012072,277.8,6.67,2022-09-01,2022-09-03,60.3713,8.74
36,37,2022-09-10,226557379.67880002,0,1,0,0,353719.56234004674,494552484.94,191309869.00867695,1795352.6582000002,32893188.0,0.0,0.0,2322179.7399999998,13092871.526947077,0.0,207114.66,0.0,189068.41999999998,0.0,1793.1,0.0,1324430.96,52241.56,553117.6,193482.8,99436.64,2307.38,0.0,20896.624,221247.04,77393.12,39774.655999999995,922.952,0.0,0.0,0.0,0.0,0.0,0.0,0.0,0.0,0.0,0.0,0.0,226.5573796788,177.03139045548002,5.427402424957651,8.0,01.09.2022,121868,457702,12787081,55974,224991,13012072,277.8,6.67,2022-09-01,2022-09-10,60.4696,8.74
37,38,2022-09-17,192057625.33760002,0,1,0,0,365893.74230824923,1312325374.68,191309869.00867695,1333803.4722,32795333.0,0.0,0.0,2322179.7399999998,13092871.526947077,0.0,204041.88,0.0,118301.59999999999,0.0,1593.58,0.0,490215.48,52241.56,553117.6,193482.8,99436.64,2307.38,0.0,20896.624,221247.04,77393.12,39774.655999999995,922.952,0.0,0.0,0.0,0.0,0.0,0.0,0.0,0.0,0.0,0.0,0.0,192.05762533760003,192.17331539452002,5.262988721218436,8.0,01.09.2022,121868,457702,12787081,55974,224991,13012072,277.8,6.67,2022-09-01,2022-09-17,60.0316,8.55
38,39,2022-09-24,181129455.5428,0,1,0,0,362186.4737908418,1089876846.74,191309869.00867695,2351827.1219999995,32784131.0,0.0,0.0,2322179.7399999998,13092871.526947077,0.0,176318.06,0.0,106474.02,0.0,1006.1999999999999,0.0,652980.8,52241.56,553117.6,193482.8,99436.64,2307.38,0.0,20896.624,221247.04,77393.12,39774.655999999995,922.952,0.0,0.0,0.0,0.0,0.0,0.0,0.0,0.0,0.0,0.0,0.0,181.1294555428,179.57255271616003,5.204717728418184,7.5,01.09.2022,121868,457702,12787081,55974,224991,13012072,277.8,6.67,2022-09-01,2022-09-24,58.1006,8.15
39,40,2022-10-01,177188693.16900003,0,1,0,0,389083.6477140976,703023016.64,191309869.00867695,1102550.1688,29840929.0,0.0,0.0,2151538.54,12130765.420206139,0.0,112250.64,0.0,99440.08,0.0,780.88,0.0,647800.16,53049.96,494683.18,156409.06,96827.4,2286.74,943.42,21219.984,197873.272,62563.623999999996,38730.96,914.6959999999999,377.368,0.0,0.0,0.0,0.0,0.0,0.0,0.0,0.0,0.0,0.0,177.18869316900003,205.27944288116004,5.182843062793579,7.5,01.10.2022,136599,518113,13087640,56287,221684,13309325,281.3,6.71,2022-10-01,2022-10-01,55.2987,8.16
40,41,2022-10-08,0.0,0,1,0,0,0.0,394581710.98,157721234.3765787,0.0,23851358.0,0.0,0.0,1724932.96,9725485.606844775,0.0,115645.06,0.0,159537.74,0.0,860.86,0.0,1049820.92,55070.96,348596.7,63724.28,90305.16,2233.42,3301.54,22028.384000000002,139438.68,25489.712,36122.064,893.3679999999999,1320.616,0.0,0.0,0.0,0.0,0.0,0.0,0.0,0.0,0.0,0.0,0.0,155.38663074564005,0.0,7.5,01.10.2022,136599,518113,13087640,56287,221684,13309325,281.3,6.71,2022-10-01,2022-10-08,61.2475,8.59
41,42,2022-10-15,48102614.891799994,0,1,0,0,298403.3181873449,274987957.54,157721234.3765787,0.0,24113891.0,0.0,0.0,1724932.96,9725485.606844775,0.0,98052.9,0.0,132736.7,0.0,809.26,0.0,739566.46,55070.96,348596.7,63724.28,90305.16,2233.42,3301.54,22028.384000000002,139438.68,25489.712,36122.064,893.3679999999999,1320.616,0.0,0.0,0.0,0.0,0.0,0.0,0.0,0.0,0.0,0.0,48.102614891799995,119.69567778824003,3.893912289834539,7.5,01.10.2022,136599,518113,13087640,56287,221684,13309325,281.3,6.71,2022-10-01,2022-10-15,63.0558,8.69
42,43,2022-10-22,0.0,0,1,0,0,0.0,407748373.76,157721234.3765787,0.0,24262458.0,0.0,0.0,1724932.96,9725485.606844775,0.0,209723.04,0.0,115856.62,0.0,1413.84,0.0,561366.72,55070.96,348596.7,63724.28,90305.16,2233.42,3301.54,22028.384000000002,139438.68,25489.712,36122.064,893.3679999999999,1320.616,0.0,0.0,0.0,0.0,0.0,0.0,0.0,0.0,0.0,0.0,0.0,81.28415272072003,0.0,7.5,01.10.2022,136599,518113,13087640,56287,221684,13309325,281.3,6.71,2022-10-01,2022-10-22,61.1958,8.37
43,44,2022-10-29,244390588.19300005,0,1,0,0,326987.67486352706,845364028.9399999,157721234.3765787,1755289.4808,24406802.0,0.0,0.0,1724932.96,9725485.606844775,0.0,250994.44,0.0,145063.94,0.0,1564.34,0.0,447029.72,55070.96,348596.7,63724.28,90305.16,2233.42,3301.54,22028.384000000002,139438.68,25489.712,36122.064,893.3679999999999,1320.616,0.0,0.0,0.0,0.0,0.0,0.0,0.0,0.0,0.0,0.0,244.39058819300004,93.93637925076004,5.502851178619559,7.5,01.10.2022,136599,518113,13087640,56287,221684,13309325,281.3,6.71,2022-10-01,2022-10-29,61.5343,8.43
44,45,2022-11-05,433960284.85539985,0,1,0,0,348143.0283637383,392372485.36,157721234.3765787,3014199.7326,32142287.0,0.0,0.0,2169765.38,12233531.65761299,0.0,251077.0,0.0,195402.32,0.0,1468.8799999999999,0.0,465297.83999999997,74009.88,459090.36,98734.02,81700.86,6253.0599999999995,6319.28,29603.951999999997,183636.144,39493.608,32680.344,2501.224,2527.712,0.0,0.0,0.0,0.0,0.0,0.0,0.0,0.0,0.0,0.0,433.96028485539983,145.29069758804,6.075254727737671,7.5,01.11.2022,127336,448354,13315685,56339,216547,13532232,279.7,7.38,2022-11-01,2022-11-04,62.0955,8.43
45,46,2022-11-12,202785855.4266,0,0,0,1,301899.44235015626,146555210.1,197319672.3792667,1171159.2746,33439670.0,0.0,0.0,2243905.12,12651544.989716759,0.0,222891.36,0.0,165747.8,0.0,1489.52,0.0,408248.02,77166.08,477506.39999999997,104569.12,80266.38,6923.0,6822.38,30866.431999999997,191002.56,41827.648,32106.551999999996,2769.2,2728.9519999999998,0.0,0.0,0.0,0.0,0.0,0.0,0.0,0.0,0.0,0.0,202.78585542660002,185.84786867335998,5.317069714192604,7.5,01.11.2022,127336,448354,13315685,56339,216547,13532232,279.7,7.38,2022-11-01,2022-11-12,60.2179,8.45
46,47,2022-11-19,343345041.02800006,0,0,0,1,327463.08157176926,802192433.14,197319672.3792667,400948.4432,33385978.0,0.0,0.0,2243905.12,12651544.989716759,0.0,168750.91999999998,0.0,159797.46,0.0,1345.04,0.0,385097.68,77166.08,477506.39999999997,104569.12,80266.38,6923.0,6822.38,30866.431999999997,191002.56,41827.648,32106.551999999996,2769.2,2728.9519999999998,0.0,0.0,0.0,0.0,0.0,0.0,0.0,0.0,0.0,0.0,343.3450410280001,244.89635390060002,5.841644180922877,7.5,01.11.2022,127336,448354,13315685,56339,216547,13532232,279.7,7.38,2022-11-01,2022-11-19,60.3741,8.47
47,48,2022-11-26,171121060.58119997,0,0,0,1,336852.48145905515,909430248.38,197319672.3792667,2015827.1774000002,33470575.0,0.0,0.0,2243905.12,12651544.989716759,0.0,117899.12,0.0,160988.56,0.0,11010.58,0.0,421242.62,77166.08,477506.39999999997,104569.12,80266.38,6923.0,6822.38,30866.431999999997,191002.56,41827.648,32106.551999999996,2769.2,2728.9519999999998,0.0,0.0,0.0,0.0,0.0,0.0,0.0,0.0,0.0,0.0,171.12106058119997,279.12056601684,5.148198069822202,7.5,01.11.2022,127336,448354,13315685,56339,216547,13532232,279.7,7.38,2022-11-01,2022-11-26,60.4797,8.42
48,49,2022-12-03,54866038.0648,0,0,0,1,332320.0367341005,1072902988.04,197319672.3792667,584187.8176000001,38388704.0,0.0,0.0,1958953.58,11044936.405393427,0.0,146963.68,0.0,244586.58,0.0,21014.1,0.0,750415.36,51490.78,407761.26,108767.64,87320.1,4243.24,6696.82,20596.312,163104.504,43507.056,34928.04,1697.2959999999998,2678.728,0.0,0.0,0.0,0.0,0.0,0.0,0.0,0.0,0.0,0.0,54.8660380648,241.21565599119998,4.0229566474931815,7.5,01.12.2022,128813,470681,13522514,56490,217669,13740184,283.5,7.11,2022-12-01,2022-12-03,61.7749,8.78
49,50,2022-12-10,92692546.8922,0,0,0,1,334871.91796315025,371592052.52,182810386.64374885,236316.80279999998,41968477.0,0.0,0.0,1745240.14,9839981.179360013,0.0,94556.14,0.0,202780.26,0.0,14473.8,0.0,648452.04,32234.52,355451.76,111916.09999999999,92610.81999999999,2233.42,6602.22,12893.807999999999,142180.704,44766.44,37044.328,893.3679999999999,2640.888,0.0,0.0,0.0,0.0,0.0,0.0,0.0,0.0,0.0,0.0,92.6925468922,172.96210839856002,4.540018643841664,7.5,01.12.2022,128813,470681,13522514,56490,217669,13740184,283.5,7.11,2022-12-01,2022-12-10,62.3813,8.96
50,51,2022-12-17,197507566.02139997,0,0,0,1,396760.87991442345,673301891.36,182810386.64374885,1050025.4537999998,42051457.0,0.0,0.0,1745240.14,9839981.179360013,0.0,115564.22,0.0,186963.13999999998,0.0,6844.74,0.0,652772.6799999999,32234.52,355451.76,111916.09999999999,92610.81999999999,2233.42,6602.22,12893.807999999999,142180.704,44766.44,37044.328,893.3679999999999,2640.888,0.0,0.0,0.0,0.0,0.0,0.0,0.0,0.0,0.0,0.0,197.50756602139998,171.90645051752003,5.290827215377676,7.5,01.12.2022,128813,470681,13522514,56490,217669,13740184,283.5,7.11,2022-12-01,2022-12-17,64.6078,9.24
51,52,2022-12-24,174070296.0944,0,0,0,1,336172.8391162611,1043568449.96,182810386.64374885,1229868.3184000002,42096976.0,0.0,0.0,1745240.14,9839981.179360013,0.0,70202.66,0.0,187508.38,0.0,1806.86,0.0,671488.0,32234.52,355451.76,111916.09999999999,92610.81999999999,2233.42,6602.22,12893.807999999999,142180.704,44766.44,37044.328,893.3679999999999,2640.888,0.0,0.0,0.0,0.0,0.0,0.0,0.0,0.0,0.0,0.0,174.0702960944,138.0515015308,5.165187585234894,7.5,01.12.2022,128813,470681,13522514,56490,217669,13740184,283.5,7.11,2022-12-01,2022-12-24,68.676,9.76
52,53,2022-12-31,175504124.32619998,0,0,0,1,348291.5743722961,1302705177.32,182810386.64374885,877458.0086,39526854.0,0.0,0.0,1806136.74,10183327.280651849,0.0,57363.72,0.0,48806.72,0.0,2822.52,0.0,131389.08,34191.88,356104.5,109049.72,91188.38,2871.54,6202.32,13676.752,142441.8,43619.888,36475.352,1148.616,2480.9280000000003,0.0,0.0,0.0,0.0,0.0,0.0,0.0,0.0,0.0,0.0,175.50412432619999,138.9281142798,5.173344243387593,7.5,01.12.2022,128813,470681,13522514,56490,217669,13740184,283.5,7.11,2022-12-01,2022-12-31,70.3375,9.89
53,1,2023-01-07,0.0,0,0,0,1,0.0,60595481.32,130106375.62362066,0.0,143637.7460483871,0.0,0.0,201261.63870967744,61824.09612903226,0.0,104412.55700000002,0.0,196911.3964,0.0,1433.405,0.0,1253989.22,50858.25,398594.95,101695.0,0.0,7417.5,4203.25,20343.3,159437.98,40678.0,0.0,2967.0,1681.3,75250.0,19866.0,28689.703200000004,80625.0,0.0,274727.21499999997,242283.93,31343.345,98724.13,0.0,0.0,127.95490666684002,0.0,7.5,01.01.2023,176247,696876,13838288,55432,219621,14057908,289.4,6.65,2023-01-01,2022-12-31,70.3375,9.89
54,2,2023-01-14,24371868.821,0,0,0,1,382603.9061381475,799942428.04,130106375.62362066,0.0,392218.9073387096,0.0,0.0,1408831.470967742,432768.6729032258,0.0,104412.55700000002,0.0,196911.3964,0.0,1433.405,0.0,1253989.22,50858.25,398594.95,101695.0,0.0,7417.5,4203.25,20343.3,159437.98,40678.0,0.0,2967.0,1681.3,75250.0,19866.0,28689.703200000004,80625.0,0.0,274727.21499999997,242283.93,31343.345,98724.13,0.0,24.371868821,114.29077105260001,3.233641033531263,7.5,01.01.2023,176247,696876,13838288,55432,219621,14057908,289.4,6.65,2023-01-01,2023-01-14,67.5744,10.03
55,3,2023-01-21,40301114.4944,0,0,0,1,383454.9428582302,712679992.76,130106375.62362066,0.0,392218.9073387096,0.0,0.0,1408831.470967742,432768.67290322576,0.0,104412.55700000002,0.0,196911.3964,0.0,1433.405,0.0,1253989.22,50858.25,398594.95,101695.0,0.0,7417.5,4203.25,20343.3,159437.98,40678.0,0.0,2967.0,1681.3,75250.0,19866.0,28689.703200000004,80625.0,0.0,274727.21499999997,242283.93,31343.345,98724.13,0.0,40.301114494400004,82.84948074720002,3.7208894849394514,7.5,01.01.2023,176247,696876,13838288,55432,219621,14057908,289.4,6.65,2023-01-01,2023-01-21,68.6656,10.12
56,4,2023-01-28,154054179.9898,0,0,0,1,348381.230189507,482038598.28,130106375.62362066,308953.7272,392218.9073387096,0.0,0.0,1408831.470967742,432768.67290322576,0.0,104412.55700000002,0.0,196911.3964,0.0,1433.405,0.0,1253989.22,50858.25,398594.95,101695.0,0.0,7417.5,4203.25,20343.3,159437.98,40678.0,0.0,2967.0,1681.3,75250.0,19866.0,28689.703200000004,80625.0,0.0,274727.21499999997,242283.93,31343.345,98724.13,0.0,154.05417998980002,78.84625752628003,5.043774604162755,7.5,01.01.2023,176247,696876,13838288,55432,219621,14057908,289.4,6.65,2023-01-01,2023-01-28,69.3372,10.25
57,5,2023-02-04,290719187.5082,0,0,0,1,364127.23886297597,745576375.64,130106375.62362066,238852.2032,472321.2903225806,0.0,0.0,1741514.9806451614,538187.6393548385,0.0,93393.29745,0.0,202459.94869999998,0.0,1392.125,0.0,1078345.83,51148.5,246175.0,31106.2,0.0,7417.5,0.0,20459.4,98470.0,12442.48,0.0,2967.0,0.0,94062.5,19866.0,43421.4,80625.0,0.0,272183.55,240228.315,26552.5,94016.06,0.0,290.7191875082,101.88927016268002,5.675791652935271,7.5,01.02.2023,77309,281648,13920286,56401,216021,14136306,284.9,7.86,2023-02-01,2023-02-04,70.3847,10.42
58,6,2023-02-11,216917366.43960002,0,0,0,0,333719.0252916924,751927077.46,125022495.0377353,945580.2856,191334.58426596445,0.0,0.0,584769.6340335069,201393.41818740396,0.0,93393.29745,0.0,202459.94869999998,0.0,1392.125,0.0,1078345.83,51148.5,246175.0,31106.2,0.0,7417.5,0.0,20459.4,98470.0,12442.48,0.0,2967.0,0.0,94062.5,19866.0,43421.4,80625.0,0.0,272183.55,240228.315,26552.5,94016.06,0.0,216.91736643960002,145.27274345060002,5.384115937900972,7.5,01.02.2023,77309,281648,13920286,56401,216021,14136306,284.9,7.86,2023-02-01,2023-02-11,72.7923,10.69
59,7,2023-02-18,120621864.2276,0,0,0,0,340163.1816909194,1468366064.0,125022495.0377353,193856.16040000002,227097.78571428574,0.0,0.0,849845.789951057,297641.41333333333,0.0,93393.29745,0.0,202459.94869999998,0.0,1392.125,0.0,1078345.83,51148.5,246175.0,31106.2,0.0,7417.5,0.0,20459.4,98470.0,12442.48,0.0,2967.0,0.0,94062.5,19866.0,43421.4,80625.0,0.0,272183.55,240228.315,26552.5,94016.06,0.0,120.6218642276,164.52274253192002,4.800916757872463,7.5,01.02.2023,77309,281648,13920286,56401,216021,14136306,284.9,7.86,2023-02-01,2023-02-18,74.7588,10.84
60,8,2023-02-25,81935733.53359999,0,0,0,0,324626.5195467511,505417141.86,125022495.0377353,0.0,236845.47802197802,0.0,0.0,624019.2405005078,341001.1138461539,0.0,93393.29745,0.0,202459.94869999998,0.0,1392.125,0.0,1078345.83,51148.5,246175.0,31106.2,0.0,7417.5,0.0,20459.4,98470.0,12442.48,0.0,2967.0,0.0,94062.5,19866.0,43421.4,80625.0,0.0,272183.55,240228.315,26552.5,94016.06,0.0,81.93573353359999,172.84966633976003,4.418066013099666,7.5,01.02.2023,77309,281648,13920286,56401,216021,14136306,284.9,7.86,2023-02-01,2023-02-23,74.7087,10.84
61,9,2023-03-04,101251594.6898,0,0,0,0,334937.46175917966,1411621738.36,125022495.0377353,910533.4452000001,203231.76333581784,0.0,0.0,981132.5202039492,606995.8628571428,0.0,113916.31164999999,0.0,190788.6092,0.0,1248.29,0.0,648758.63,43290.25,348461.25,60200.0,0.0,0.0,0.0,17316.1,139384.5,24080.0,0.0,0.0,0.0,94062.5,19866.0,43421.4,41925.0,0.0,354268.83,275349.21,40687.89,28894.065,0.0,101.2515946898,162.28914927976,4.627436390789559,7.5,01.03.2023,114644,422392,14137214,57269,212917,14350131,287.5,8.05,2023-03-01,2023-03-04,75.4592,10.91
62,10,2023-03-11,10431058.6542,0,0,1,0,480693.9471981567,1022805700.4399999,163448760.03205106,208621.1736,492040.2749325161,0.0,0.0,732270.9895482481,125415.06962542832,0.0,113916.31164999999,0.0,190788.6092,0.0,1248.29,0.0,648758.63,43290.25,348461.25,60200.0,0.0,0.0,0.0,17316.1,139384.5,24080.0,0.0,0.0,0.0,94062.5,19866.0,43421.4,41925.0,0.0,354268.83,275349.21,40687.89,28894.065,0.0,10.431058654200001,106.23152350896001,2.4363340941826075,7.5,01.03.2023,114644,422392,14137214,57269,212917,14350131,287.5,8.05,2023-03-01,2023-03-11,75.9406,10.9
63,11,2023-03-18,165941430.5566,0,0,1,0,365027.3439432468,1437215701.28,163448760.03205106,362607.37279999995,863525.1781583226,0.0,0.0,1128787.0253675473,188744.68086021507,0.0,113916.31164999999,0.0,190788.6092,0.0,1248.29,0.0,648758.63,43290.25,348461.25,60200.0,0.0,0.0,0.0,17316.1,139384.5,24080.0,0.0,0.0,0.0,94062.5,19866.0,43421.4,41925.0,0.0,354268.83,275349.21,40687.89,28894.065,0.0,165.9414305566,96.03633633236002,5.117643035671845,7.5,01.03.2023,114644,422392,14137214,57269,212917,14350131,287.5,8.05,2023-03-01,2023-03-18,76.6044,11.12
64,12,2023-03-25,126034005.1938,0,0,1,0,358458.49031228677,1198766035.7,163448760.03205106,948023.3908,263379.17815832264,0.0,0.0,1327840.4753675472,275299.7391935484,0.0,113916.31164999999,0.0,190788.6092,0.0,1248.29,0.0,648758.63,43290.25,348461.25,60200.0,0.0,0.0,0.0,17316.1,139384.5,24080.0,0.0,0.0,0.0,94062.5,19866.0,43421.4,41925.0,0.0,354268.83,275349.21,40687.89,28894.065,0.0,126.0340051938,97.11876452560003,4.844454808049464,7.5,01.03.2023,114644,422392,14137214,57269,212917,14350131,287.5,8.05,2023-03-01,2023-03-25,76.4479,11.11
65,13,2023-04-01,272531785.5602,0,0,1,0,333331.4402644324,1489121234.34,163448760.03205106,2727460.0719999997,464873.34625845164,0.0,0.0,2729589.7423030306,604617.945766129,0.0,167823.76905,0.0,123879.75135,0.0,1552.73,0.0,284803.62,148177.34855,409768.5,53965.0,0.0,0.0,0.0,59270.93942,163907.4,21586.0,0.0,0.0,0.0,246443.75,19866.0,43421.4,0.0,0.0,662864.35,216810.3,25563.07,0.0,0.0,272.5317855602,135.23797493092002,5.611417832879658,7.5,01.04.2023,153984,569416,14438267,56085,210541,14648808,287.4,8.18,2023-04-01,2023-04-01,77.3233,11.24
66,14,2023-04-08,68047683.3434,0,0,1,0,344370.8671224696,1389192571.1399999,198088898.47451222,565469.5564,94924.71400038709,0.0,0.0,548777.3820201715,139911.2430259857,0.0,167823.76905,0.0,123879.75135,0.0,1552.73,0.0,284803.62,148177.34855,409768.5,53965.0,0.0,0.0,0.0,59270.93942,163907.4,21586.0,0.0,0.0,0.0,246443.75,19866.0,43421.4,0.0,0.0,662864.35,216810.3,25563.07,0.0,0.0,68.0476833434,128.59719266164,4.234797328871039,7.5,01.04.2023,153984,569416,14438267,56085,210541,14648808,287.4,8.18,2023-04-01,2023-04-08,82.3988,11.96
67,15,2023-04-15,112536061.9342,0,0,1,0,336732.68083243567,737507849.62,198088898.47451222,390577.13560000004,121386.520452,0.0,0.0,709675.5419259258,274234.9271111112,0.0,167823.76905,0.0,123879.75135,0.0,1552.73,0.0,284803.62,148177.34855,409768.5,53965.0,0.0,0.0,0.0,59270.93942,163907.4,21586.0,0.0,0.0,0.0,246443.75,19866.0,43421.4,0.0,0.0,662864.35,216810.3,25563.07,0.0,0.0,112.5360619342,149.01819331764003,4.732120512749659,7.5,01.04.2023,153984,569416,14438267,56085,210541,14648808,287.4,8.18,2023-04-01,2023-04-15,81.5045,11.88
68,16,2023-04-22,309028754.804,0,0,1,0,356804.93569333793,1628517883.56,198088898.47451222,1947483.76,125622.520452,0.0,0.0,651482.6901925926,217746.51511111108,0.0,167823.76905,0.0,123879.75135,0.0,1552.73,0.0,284803.62,148177.34855,409768.5,53965.0,0.0,0.0,0.0,59270.93942,163907.4,21586.0,0.0,0.0,0.0,246443.75,19866.0,43421.4,0.0,0.0,662864.35,216810.3,25563.07,0.0,0.0,309.028754804,177.63565816712003,5.736665050609745,7.5,01.04.2023,153984,569416,14438267,56085,210541,14648808,287.4,8.18,2023-04-01,2023-04-22,81.4863,11.81
69,17,2023-04-29,795122155.5428001,0,0,1,0,351964.1253343368,2118505834.22,198088898.47451222,5736088.6128,94662.39999999998,0.0,0.0,663153.3717925926,230632.7551111111,0.0,158105.92815,0.0,106230.67225,0.0,1305.05,0.0,193616.745,107293.56345,399465.7,52460.0,0.0,12362.5,0.0,42917.42538,159786.28,20984.0,0.0,4945.0,0.0,150500.0,19866.0,43421.4,0.0,30712.32,644138.925,227230.49,14268.475,0.0,193401.96,795.1221555428001,311.45328823692006,6.679752635807521,7.5,01.04.2023,153984,569416,14438267,56085,210541,14648808,287.4,8.18,2023-04-01,2023-04-29,80.5093,11.57
70,18,2023-05-06,234156157.73720002,0,0,1,0,340987.5604153197,1317499261.96,198088898.47451222,2001614.6539999999,120466.17316799998,0.0,0.0,663153.3717925926,230632.7551111111,0.0,158105.92815,0.0,106230.67225,0.0,1305.05,0.0,193616.745,107293.56345,399465.7,52460.0,0.0,12362.5,0.0,42917.42538,159786.28,20984.0,0.0,4945.0,0.0,150500.0,19866.0,43421.4,0.0,30712.32,644138.925,227230.49,14268.475,0.0,193401.96,234.15615773720003,303.77816267232004,5.460249794470482,7.5,01.05.2023,153343,566257,14746054,56191,207645,14953699,286.2,8.52,2023-05-01,2023-05-06,76.8207,11.12
71,19,2023-05-13,98576387.31480001,0,0,1,0,350182.54818756663,640919746.34,257717311.6970238,0.0,183805.3005873548,0.0,0.0,986328.6846451602,393104.3169892473,0.0,158105.92815,0.0,106230.67225,0.0,1305.05,0.0,193616.745,107293.56345,399465.7,52460.0,0.0,12362.5,0.0,42917.42538,159786.28,20984.0,0.0,4945.0,0.0,150500.0,19866.0,43421.4,0.0,30712.32,644138.925,227230.49,14268.475,0.0,193401.96,98.57638731480002,309.8839034666001,4.600925061331186,7.5,01.05.2023,153343,566257,14746054,56191,207645,14953699,286.2,8.52,2023-05-01,2023-05-13,77.2041,11.08
72,20,2023-05-20,276574282.9584001,0,0,1,0,365018.1905218425,1078488405.96,257717311.6970238,1184309.7410000002,183805.3005873548,0.0,0.0,991362.551311827,395663.67698924727,0.0,158105.92815,0.0,106230.67225,0.0,1305.05,0.0,193616.745,107293.56345,399465.7,52460.0,0.0,12362.5,0.0,42917.42538,159786.28,20984.0,0.0,4945.0,0.0,150500.0,19866.0,43421.4,0.0,30712.32,644138.925,227230.49,14268.475,0.0,193401.96,276.5742829584001,342.6915476714401,5.626088583701471,7.5,01.05.2023,153343,566257,14746054,56191,207645,14953699,286.2,8.52,2023-05-01,2023-05-20,79.9093,11.37
73,21,2023-05-27,235165444.07079998,0,0,1,0,374407.6485763413,930520103.1999999,257717311.6970238,650096.833,226127.8005873548,113408.16349299999,142829.23,1867304.442978494,838540.0269892471,0.0,154794.5476,0.0,111104.17185,0.0,1482.425,0.0,256392.445,9502.34855,317856.0,51600.0,0.0,4945.0,4203.25,3800.93942,127142.4,20640.0,0.0,1978.0,1681.3,75250.0,19866.0,48581.4,0.0,66832.31999999999,472875.3,209818.07,29739.875,0.0,215635.97,235.16544407079996,327.91888552480003,5.464532593614222,7.5,01.05.2023,153343,566257,14746054,56191,207645,14953699,286.2,8.52,2023-05-01,2023-05-27,79.9667,11.3
74,22,2023-06-03,291082273.7548,0,0,1,0,372085.22785990033,1491245228.8,257717311.6970238,292825.0034,315611.7370806451,113408.16349299999,142829.23,2698290.431559138,1221541.2471908603,0.0,154794.5476,0.0,111104.17185,0.0,1482.425,0.0,256392.445,9502.34855,317856.0,51600.0,0.0,4945.0,4203.25,3800.93942,127142.4,20640.0,0.0,1978.0,1681.3,75250.0,19866.0,48581.4,0.0,66832.31999999999,472875.3,209818.07,29739.875,0.0,215635.97,291.08227375480004,227.11090916720005,5.677035522015793,7.5,01.06.2023,157841,580470,15078364,56813,203982,15282346,288.9,8.4,2023-06-01,2023-06-03,80.8756,11.41
75,23,2023-06-10,121664738.6266,0,0,0,0,339371.6558622037,1197634398.68,258795099.75798753,1321912.2178,118300.01966129031,113408.16349299999,142829.23,1068943.5748387098,399348.2571747311,0.0,154794.5476,0.0,111104.17185,0.0,1482.425,0.0,256392.445,9502.34855,317856.0,51600.0,0.0,4945.0,4203.25,3800.93942,127142.4,20640.0,0.0,1978.0,1681.3,75250.0,19866.0,48581.4,0.0,66832.31999999999,472875.3,209818.07,29739.875,0.0,215635.97,121.6647386266,204.61262534508003,4.809454931659362,7.5,01.06.2023,157841,580470,15078364,56813,203982,15282346,288.9,8.4,2023-06-01,2023-06-10,82.6417,11.57
76,24,2023-06-17,80695782.6354,0,0,0,0,397516.170617734,1255736357.3,258795099.75798753,0.0,161320.88950000002,113408.16349299999,142829.23,1542643.0600000003,547143.5526666666,0.0,154794.5476,0.0,111104.17185,0.0,1482.425,0.0,256392.445,9502.34855,317856.0,51600.0,0.0,4945.0,4203.25,3800.93942,127142.4,20640.0,0.0,1978.0,1681.3,75250.0,19866.0,48581.4,0.0,66832.31999999999,472875.3,209818.07,29739.875,0.0,215635.97,80.6957826354,201.03650440920003,4.40300238040385,7.5,01.06.2023,157841,580470,15078364,56813,203982,15282346,288.9,8.4,2023-06-01,2023-06-17,83.6498,11.73
77,25,2023-06-24,245996658.17079997,0,0,0,0,372552.8671373617,664039200.3,258795099.75798753,1781220.304,127331.10949999999,350828.16976079997,500142.245,1651384.04,589217.1606666667,0.0,141878.11085,0.0,114261.25764999999,0.0,1476.62,0.0,282035.925,89796.86345,562349.7,68800.0,0.0,2472.5,12609.75,35918.74538,224939.88,27520.0,0.0,989.0,5043.9,139681.75483870966,19866.0,43421.40000000001,0.0,30712.32,615016.315,231791.715,47502.745,0.0,206603.82,245.99665817079998,194.92097945168,5.509374806863576,7.5,01.06.2023,157841,580470,15078364,56813,203982,15282346,288.9,8.4,2023-06-01,2023-06-24,84.0793,11.65
78,26,2023-07-01,340335534.13479996,0,0,0,0,367691.804380726,1541953733.02,258795099.75798753,406299.0536,243279.4705,350828.16976079997,500142.245,2311820.1799999997,845263.8713333337,0.0,141878.11085,0.0,114261.25764999999,0.0,1476.62,0.0,282035.925,89796.86345,562349.7,68800.0,0.0,2472.5,12609.75,35918.74538,224939.88,27520.0,0.0,989.0,5043.9,139681.75483870966,19866.0,43421.40000000001,0.0,30712.32,615016.315,231791.715,47502.745,0.0,206603.82,340.33553413479996,215.95499746448,5.832865964571104,7.5,01.07.2023,167819,626742,15442345,56543,201947,15644292,288.8,8.45,2023-07-01,2023-07-01,88.3844,12.16
79,27,2023-07-08,113701307.75419998,0,0,1,0,404343.19969487906,1535694799.22,213287482.81810296,1351165.4531999999,198062.5005,350828.16976079997,500142.245,1073227.3735483873,393060.87034408597,0.0,141878.11085,0.0,114261.25764999999,0.0,1476.62,0.0,282035.925,89796.86345,562349.7,68800.0,0.0,2472.5,12609.75,35918.74538,224939.88,27520.0,0.0,989.0,5043.9,139681.75483870966,19866.0,43421.40000000001,0.0,30712.32,615016.315,231791.715,47502.745,0.0,206603.82,113.70130775419999,180.47880426436,4.7423314255890725,7.5,01.07.2023,167819,626742,15442345,56543,201947,15644292,288.8,8.45,2023-07-01,2023-07-08,91.6879,12.64
80,28,2023-07-15,197925574.6544,0,0,1,0,419689.5136861747,935198940.08,213287482.81810296,396747.1712,313020.0755,350828.16976079997,500142.245,1091581.077419355,469578.1598709678,0.0,141878.11085,0.0,114261.25764999999,0.0,1476.62,0.0,282035.925,89796.86345,562349.7,68800.0,0.0,2472.5,12609.75,35918.74538,224939.88,27520.0,0.0,989.0,5043.9,139681.75483870966,19866.0,43421.40000000001,0.0,30712.32,615016.315,231791.715,47502.745,0.0,206603.82,197.92557465439998,195.73097146992,5.292930758058722,7.5,01.07.2023,167819,626742,15442345,56543,201947,15644292,288.8,8.45,2023-07-01,2023-07-15,90.119,12.61
81,29,2023-07-22,278438010.1918,0,0,1,0,384636.01352645387,1673620845.0,213287482.81810296,4502134.0044,333198.8896129031,131574.7368,154125.33,1152996.1117741936,454500.71512096794,0.0,133460.57059999998,0.0,163788.5695,0.0,1557.245,0.0,719900.41,65501.863450000004,570455.2,73465.5,0.0,9890.0,19671.64,26200.74538,228182.08,29386.2,0.0,3956.0,7868.656,75250.0,19866.0,43421.4,41924.99999999999,0.0,523522.42,244566.37,37003.865,26669.675,0.0,278.4380101918,235.27941698119997,5.6327804797739685,7.5,01.07.2023,167819,626742,15442345,56543,201947,15644292,288.8,8.45,2023-07-01,2023-07-22,90.3846,12.58
82,30,2023-07-29,267371758.7368,0,0,1,0,377750.43619214464,2901799063.88,213287482.81810296,1587204.8028,223708.63911290313,131574.7368,154125.33,1203364.1617741936,459370.14262096793,0.0,133460.57059999998,0.0,163788.5695,0.0,1557.245,0.0,719900.41,65501.863450000004,570455.2,73465.5,0.0,9890.0,19671.64,26200.74538,228182.08,29386.2,0.0,3956.0,7868.656,75250.0,19866.0,43421.4,41924.99999999999,0.0,523522.42,244566.37,37003.865,26669.675,0.0,267.37175873679996,239.55443709440001,5.592373178759641,8.5,01.07.2023,167819,626742,15442345,56543,201947,15644292,288.8,8.45,2023-07-01,2023-07-29,90.9783,12.69
83,31,2023-08-05,224246401.3786,0,0,1,0,380723.941220034,1897342215.94,213287482.81810296,1163496.0468,354648.9300768386,131574.7368,154125.33,1348273.2116129037,516209.2158064518,0.0,133460.57059999998,0.0,163788.5695,0.0,1557.245,0.0,719900.41,65501.863450000004,570455.2,73465.5,0.0,9890.0,19671.64,26200.74538,228182.08,29386.2,0.0,3956.0,7868.656,75250.0,19866.0,43421.4,41924.99999999999,0.0,523522.42,244566.37,37003.865,26669.675,0.0,224.2464013786,216.33661054316002,5.417194920239185,8.5,01.08.2023,170538,646509,15646424,56681,199767,15846191,291.1,8.25,2023-08-01,2023-08-05,94.8076,13.18
84,32,2023-08-12,167118891.39519998,0,0,0,0,384269.6973906645,1976512509.6,263296446.97767666,897962.5758,253556.22862002288,131574.7368,154125.33,1164667.1509677414,335078.1990967743,0.0,133460.57059999998,0.0,163788.5695,0.0,1557.245,0.0,719900.41,65501.863450000004,570455.2,73465.5,0.0,9890.0,19671.64,26200.74538,228182.08,29386.2,0.0,3956.0,7868.656,75250.0,19866.0,43421.4,41924.99999999999,0.0,523522.42,244566.37,37003.865,26669.675,0.0,167.1188913952,227.02012727136002,5.124671415987171,8.5,01.08.2023,170538,646509,15646424,56681,199767,15846191,291.1,8.25,2023-08-01,2023-08-12,98.2066,13.54
85,33,2023-08-19,283556136.6456,0,0,0,0,380153.01869634003,1938831079.84,263296446.97767666,465105.44940000004,278159.08536646754,131574.7368,77947.605,1280769.5987311827,372643.07122580643,0.0,146265.35355,0.0,174635.84625,0.0,1646.04,0.0,680980.465,131582.97345,527610.0,111800.0,0.0,12362.5,19671.64,52633.189379999996,211044.0,44720.0,0.0,4945.0,7868.656,139024.375,19866.0,79971.4,41925.0,0.0,641194.07,256743.32499999998,44931.99,19853.96,0.0,283.5561366456,244.14623966960002,5.650930550958214,12.0,01.08.2023,170538,646509,15646424,56681,199767,15846191,291.1,8.25,2023-08-01,2023-08-19,93.4047,12.75
86,34,2023-08-26,330576915.707,0,0,0,0,381596.34734733927,2180972658.34,263296446.97767666,1114364.3844,247379.08536646757,131574.7368,77947.605,1374370.51419086,416274.96697580634,0.0,146265.35355,0.0,174635.84625,0.0,1646.04,0.0,680980.465,131582.97345,527610.0,111800.0,0.0,12362.5,19671.64,52633.189379999996,211044.0,44720.0,0.0,4945.0,7868.656,139024.375,19866.0,79971.4,41925.0,0.0,641194.07,256743.32499999998,44931.99,19853.96,0.0,330.576915707,254.57402077264004,5.8038598059615545,12.0,01.08.2023,170538,646509,15646424,56681,199767,15846191,291.1,8.25,2023-08-01,2023-08-26,94.7117,12.97
87,35,2023-09-02,512966650.2346,0,0,0,0,455605.871067235,1910849691.56,263296446.97767666,5804824.861,235376.82159798814,131574.7368,77947.605,2191851.1046155915,674706.1910887096,0.0,146265.35355,0.0,174635.84625,0.0,1646.04,0.0,680980.465,131582.97345,527610.0,111800.0,0.0,12362.5,19671.64,52633.189379999996,211044.0,44720.0,0.0,4945.0,7868.656,139024.375,19866.0,79971.4,41925.0,0.0,641194.07,256743.32499999998,44931.99,19853.96,0.0,512.9666502346,303.6929990722,6.242158380538122,12.0,01.09.2023,216073,849113,16228975,57149,196397,16425372,294,8.04,2023-09-01,2023-09-02,96.3411,13.25
88,36,2023-09-09,369362687.0587999,0,0,0,0,383116.57199336163,1993643933.2,277870121.66655797,2350112.9442,24848.02012903226,131574.7368,77947.605,596484.2562073033,188933.25851612908,0.0,146265.35355,0.0,174635.84625,0.0,1646.04,0.0,680980.465,131582.97345,527610.0,111800.0,0.0,12362.5,19671.64,52633.189379999996,211044.0,44720.0,0.0,4945.0,7868.656,139024.375,19866.0,79971.4,41925.0,0.0,641194.07,256743.32499999998,44931.99,19853.96,0.0,369.3626870587999,332.71625620824,5.914482760815434,12.0,01.09.2023,216073,849113,16228975,57149,196397,16425372,294,8.04,2023-09-01,2023-09-09,97.9241,13.31
89,37,2023-09-16,128008880.0312,0,0,0,0,389914.34672921116,1915199482.12,277870121.66655797,936877.8853999999,25007.044,135444.582,93155.2,1315154.8773869332,418237.29266666656,0.0,135076.0118,0.0,144307.05185,0.0,1689.2549999999999,0.0,487849.19,125383.4162,402131.7,64500.0,0.0,9890.0,4917.91,50153.366480000004,160852.68,25800.0,0.0,3956.0,1967.164,124820.9375,19866.0,79971.4,41925.0,0.0,675892.705,256594.115,12321.22,21393.575,0.0,128.0088800312,324.89425393544,4.859881239443646,12.0,01.09.2023,216073,849113,16228975,57149,196397,16425372,294,8.04,2023-09-01,2023-09-16,96.6338,13.27
90,38,2023-09-23,335197249.71959996,0,0,0,0,411234.51075892523,2482596240.9,277870121.66655797,3024088.864,25007.044,135444.582,93155.2,1315154.8773869332,418237.29266666656,0.0,135076.0118,0.0,144307.05185,0.0,1689.2549999999999,0.0,487849.19,125383.4162,402131.7,64500.0,0.0,9890.0,4917.91,50153.366480000004,160852.68,25800.0,0.0,3956.0,1967.164,124820.9375,19866.0,79971.4,41925.0,0.0,675892.705,256594.115,12321.22,21393.575,0.0,335.19724971959994,335.22247655024,5.81769804045206,13.0,01.09.2023,216073,849113,16228975,57149,196397,16425372,294,8.04,2023-09-01,2023-09-23,96.0419,13.14
91,39,2023-09-30,601565848.4446,0,0,0,0,390069.9315553105,1985748502.82,277870121.66655797,3152221.8463999997,8627.045000000002,135444.582,93155.2,2414690.3265757333,767846.9006666667,0.0,135076.0118,0.0,144307.05185,0.0,1689.2549999999999,0.0,487849.19,125383.4162,402131.7,64500.0,0.0,9890.0,4917.91,50153.366480000004,160852.68,25800.0,0.0,3956.0,1967.164,124820.9375,19866.0,79971.4,41925.0,0.0,675892.705,256594.115,12321.22,21393.575,0.0,601.5658484446,389.42026309776,6.401196951417104,13.0,01.09.2023,216073,849113,16228975,57149,196397,16425372,294,8.04,2023-09-01,2023-09-30,97.4147,13.36
92,40,2023-10-07,200935203.0828,0,0,0,0,407163.53208267473,1207935314.42,266898065.34199524,1289624.0595999998,71237.13486667653,135444.582,93155.2,413416.19545889704,78317.1936989247,0.0,135076.0118,0.0,144307.05185,0.0,1689.2549999999999,0.0,487849.19,125383.4162,402131.7,64500.0,0.0,9890.0,4917.91,50153.366480000004,160852.68,25800.0,0.0,3956.0,1967.164,124820.9375,19866.0,79971.4,41925.0,0.0,675892.705,256594.115,12321.22,21393.575,0.0,200.9352030828,327.0139736674,5.307946869123494,13.0,01.10.2023,238197,955195,16897845,57150,194506,17092351,298.7,7.92,2023-10-01,2023-10-07,100.4911,13.74
93,41,2023-10-14,194140218.099,0,0,0,0,425839.478172845,1062917564.16,266898065.34199524,290592.1854,245546.59647957975,270942.27845999994,1387014.88,2699732.248212279,486063.85589247313,0.0,159395.7067,0.0,130567.82084999999,0.0,1757.625,0.0,412656.38,126869.49620000001,484653.0,66220.0,0.0,9890.0,5912.5,50747.798480000005,193861.19999999998,26488.0,0.0,3956.0,2365.0,140059.0625,19866.0,79971.4,54287.49999999999,0.0,749536.87,223590.11,18877.215,18866.68,0.0,194.140218099,291.96947987544,5.273718367333172,13.0,01.10.2023,238197,955195,16897845,57150,194506,17092351,298.7,7.92,2023-10-01,2023-10-14,97.3075,13.3
94,42,2023-10-21,231239808.323,0,0,0,0,399584.94612579915,2071152706.86,266898065.34199524,862422.921,245546.59647957975,270942.27845999994,1387014.88,2699732.248212279,486063.85589247313,0.0,159395.7067,0.0,130567.82084999999,0.0,1757.625,0.0,412656.38,126869.49620000001,484653.0,66220.0,0.0,9890.0,5912.5,50747.798480000005,193861.19999999998,26488.0,0.0,3956.0,2365.0,140059.0625,19866.0,79971.4,54287.49999999999,0.0,749536.87,223590.11,18877.215,18866.68,0.0,231.239808323,312.6156655338,5.4477704943758685,13.0,01.10.2023,238197,955195,16897845,57150,194506,17092351,298.7,7.92,2023-10-01,2023-10-21,95.9053,13.07
95,43,2023-10-28,103695228.84139998,0,0,0,0,414615.0693378648,6708700774.44,266898065.34199524,223616.082,245546.59647957975,270942.27845999994,1387014.88,2552433.8686961494,472107.18822580646,0.0,159395.7067,0.0,130567.82084999999,0.0,1757.625,0.0,412656.38,126869.49620000001,484653.0,66220.0,0.0,9890.0,5912.5,50747.798480000005,193861.19999999998,26488.0,0.0,3956.0,2365.0,140059.0625,19866.0,79971.4,54287.49999999999,0.0,749536.87,223590.11,18877.215,18866.68,0.0,103.69522884139998,266.31526135816,4.651053547032999,13.0,01.10.2023,238197,955195,16897845,57150,194506,17092351,298.7,7.92,2023-10-01,2023-10-28,93.2174,12.71
96,44,2023-11-04,201869752.40639997,0,0,0,0,414176.7591432088,2561154972.22,266898065.34199524,950581.3490000002,320747.57913650543,270942.27845999994,1387014.88,3122785.7270332985,594980.9227419357,0.0,159395.7067,0.0,130567.82084999999,0.0,1757.625,0.0,412656.38,126869.49620000001,484653.0,66220.0,0.0,9890.0,5912.5,50747.798480000005,193861.19999999998,26488.0,0.0,3956.0,2365.0,140059.0625,19866.0,79971.4,54287.49999999999,0.0,749536.87,223590.11,18877.215,18866.68,0.0,201.86975240639995,186.37604215052002,5.312564159358015,15.0,01.11.2023,200364,769637,17391606,58485,191334,17582940,296.3,8.35,2023-11-01,2023-11-04,93.0351,12.69
97,45,2023-11-11,162647435.414,0,0,0,0,412706.0020654656,1424614278.66,522608087.09193933,1400076.9126000002,119227.6628461828,360496.29364799993,1579647.57,2166530.7239569896,316493.3964650538,0.0,141558.59290000002,0.0,139600.00955,0.0,1789.875,0.0,865361.24,78447.5316,305682.7,99330.0,0.0,2472.5,0.0,31379.01264,122273.08,39732.0,0.0,989.0,0.0,74591.5625,19866.0,79971.4,41924.99999999999,0.0,375568.235,198131.53,9767.45,17934.225,0.0,162.647435414,178.71848861676003,5.097714329660326,15.0,01.11.2023,200364,769637,17391606,58485,191334,17582940,296.3,8.35,2023-11-01,2023-11-11,92.0535,12.6
98,46,2023-11-18,259677322.9128,0,0,0,0,452478.3462498694,1949250616.24,522608087.09193933,2181453.4422,143348.49478166667,360496.29364799993,1579647.57,2832022.9197333334,445798.95608333335,0.0,141558.59290000002,0.0,139600.00955,0.0,1789.875,0.0,865361.24,78447.5316,305682.7,99330.0,0.0,2472.5,0.0,31379.01264,122273.08,39732.0,0.0,989.0,0.0,74591.5625,19866.0,79971.4,41924.99999999999,0.0,375568.235,198131.53,9767.45,17934.225,0.0,259.67732291280004,191.82590957952002,5.563283331781249,15.0,01.11.2023,200364,769637,17391606,58485,191334,17582940,296.3,8.35,2023-11-01,2023-11-18,89.1237,12.31
99,47,2023-11-25,124479417.63679999,0,0,0,0,387544.88678953925,2035479236.92,522608087.09193933,1382501.9267999998,182888.49478166667,360496.29364799993,1579647.57,2779313.5197333335,386645.17474999995,0.0,141558.59290000002,0.0,139600.00955,0.0,1789.875,0.0,865361.24,78447.5316,305682.7,99330.0,0.0,2472.5,0.0,31379.01264,122273.08,39732.0,0.0,989.0,0.0,74591.5625,19866.0,79971.4,41924.99999999999,0.0,375568.235,198131.53,9767.45,17934.225,0.0,124.4794176368,170.47383144228002,4.832141742227869,15.0,01.11.2023,200364,769637,17391606,58485,191334,17582940,296.3,8.35,2023-11-01,2023-11-25,88.8133,12.39
100,48,2023-12-02,339407120.62740004,0,0,0,0,433359.4492178243,2117523573.18,522608087.09193933,3494712.1422000006,181363.82967777783,360496.29364799993,1579647.57,4292631.3938666675,590839.4610833334,0.0,141558.59290000002,0.0,139600.00955,0.0,1789.875,0.0,865361.24,78447.5316,305682.7,99330.0,0.0,2472.5,0.0,31379.01264,122273.08,39732.0,0.0,989.0,0.0,74591.5625,19866.0,79971.4,41924.99999999999,0.0,375568.235,198131.53,9767.45,17934.225,0.0,339.40712062740005,217.61620979948003,5.830142314892301,15.0,01.12.2023,189084,726080,17720944,59672,189347,17910291,299.3,8.18,2023-12-01,2023-12-02,89.7619,12.55
101,49,2023-12-09,65811191.707200006,0,0,0,0,446480.26938398916,1227120404.26,263205314.77292758,0.0,60165.688871326165,360496.29364799993,1579647.57,591878.4658064515,212844.56073118284,0.0,141558.59290000002,0.0,139600.00955,0.0,1789.875,0.0,865361.24,78447.5316,305682.7,99330.0,0.0,2472.5,0.0,31379.01264,122273.08,39732.0,0.0,989.0,0.0,74591.5625,19866.0,79971.4,41924.99999999999,0.0,375568.235,198131.53,9767.45,17934.225,0.0,65.81119170720001,190.40449765964004,4.2018706070361995,15.0,01.12.2023,189084,726080,17720944,59672,189347,17910291,299.3,8.18,2023-12-01,2023-12-09,91.6402,12.79
102,50,2023-12-16,104540907.4076,0,0,0,0,442033.43512727274,2142391646.22,263205314.77292758,0.0,74871.18112939068,360496.29364799993,1579647.57,1155516.473548387,441231.3688172043,0.0,141558.59290000002,0.0,139600.00955,0.0,1789.875,0.0,865361.24,78447.5316,305682.7,99330.0,0.0,2472.5,0.0,31379.01264,122273.08,39732.0,0.0,989.0,0.0,74591.5625,19866.0,79971.4,41924.99999999999,0.0,375568.235,198131.53,9767.45,17934.225,0.0,104.5409074076,178.78319205836004,4.659098625700652,15.0,01.12.2023,189084,726080,17720944,59672,189347,17910291,299.3,8.18,2023-12-01,2023-12-16,89.6966,12.61
103,51,2023-12-23,254000581.61859998,0,0,0,0,441586.54662482615,2432998498.92,263205314.77292758,0.0,74871.18112939068,360496.29364799993,1579647.57,1194185.627983871,450978.0175672043,0.0,141558.59290000002,0.0,139600.00955,0.0,1789.875,0.0,865361.24,78447.5316,305682.7,99330.0,0.0,2472.5,0.0,31379.01264,122273.08,39732.0,0.0,989.0,0.0,74591.5625,19866.0,79971.4,41924.99999999999,0.0,375568.235,198131.53,9767.45,17934.225,0.0,254.0005816186,177.64784379952002,5.54126582601308,16.0,01.12.2023,189084,726080,17720944,59672,189347,17910291,299.3,8.18,2023-12-01,2023-12-23,91.9389,12.86
104,52,2023-12-30,179654787.459,0,0,0,0,433111.83090405015,3501077013.38,263205314.77292758,0.0,34361.6564516129,360496.29364799993,1579647.57,1290858.514072581,475344.6394422042,0.0,141558.59290000002,0.0,139600.00955,0.0,1789.875,0.0,865361.24,78447.5316,305682.7,99330.0,0.0,2472.5,0.0,31379.01264,122273.08,39732.0,0.0,989.0,0.0,74591.5625,19866.0,79971.4,41924.99999999999,0.0,375568.235,198131.53,9767.45,17934.225,0.0,179.654787459,188.68291776396003,5.196587958537819,16.0,01.12.2023,189084,726080,17720944,59672,189347,17910291,299.3,8.18,2023-12-01,2023-12-30,89.6883,12.58
105,1,2024-01-06,50558588.108399995,1,0,0,0,362687.1456843615,121534770.0,292229074.60481155,0.0,947922.6932073653,0.0,0.0,4357323.370020646,731184.4422580643,0.0,66235.1016,0.0,40086.925440000006,0.0,904.72,0.0,63980.56,35590.49456,87874.8,18920.0,0.0,0.0,0.0,14236.197824,35149.92,7568.0,0.0,0.0,0.0,380467.61199999996,16747.251612903223,0.0,99718.38709677418,0.0,489590.26,173147.24,0.0,96350.09999999999,0.0,50.558588108399995,130.91321126016004,3.9427187942282482,16.0,01.01.2024,196868,785457,18009664,58346,188598,18198262,302.3,7.91,2024-01-01,2023-12-30,89.6883,12.58
106,2,2024-01-13,0.0,1,0,0,0,0.0,104310064.78,292229074.60481155,557060.4162,1051219.884769143,483328.74544320005,1645671.06,4357323.370020646,731184.4422580643,0.0,136925.5536,0.0,167176.76568,0.0,1813.74,0.0,973265.44,35590.49456,136894.8,75680.0,0.0,9890.0,0.0,14236.197824,54757.92,30272.0,0.0,3956.0,0.0,463284.2703999999,16747.251612903223,0.0,99718.38709677418,0.0,609429.54,198112.18,0.0,90091.88,0.0,0.0,117.75097291872002,0.0,16.0,01.01.2024,196868,785457,18009664,58346,188598,18198262,302.3,7.91,2024-01-01,2024-01-13,88.1324,12.24
107,3,2024-01-20,53687159.017400004,1,0,0,0,433660.412095315,1215354813.06,292229074.60481155,820827.8513999999,2350498.6247004373,945390.7128072,3325564.96,4357323.370020649,731184.4422580646,0.0,172476.17856,0.0,194155.04136000003,0.0,1988.32,0.0,2536297.38,53650.49456,215154.8,56760.0,0.0,19780.0,0.0,21460.197824000003,86061.92,22704.0,0.0,7912.0,0.0,685706.5347999999,16747.251612903223,0.0,99718.38709677418,0.0,730132.26,215638.12,0.0,86483.31999999999,0.0,53.687159017400006,107.58022324068001,4.001628928987995,16.0,01.01.2024,196868,785457,18009664,58346,188598,18198262,302.3,7.91,2024-01-01,2024-01-20,88.5896,12.27
108,4,2024-01-27,67159579.3776,1,0,0,0,415848.78871578944,1962954467.7,292229074.60481155,308953.7272,1708598.819008254,991646.1539520001,3302769.8,4357323.370020649,731184.4422580646,0.0,178977.24192,0.0,110978.46263999998,0.0,2170.64,0.0,2125557.08,71710.49456,668632.8,158240.0,0.0,0.0,0.0,28684.197824,267453.12,63296.0,0.0,0.0,0.0,683773.3924,16747.251612903223,0.0,99718.38709677418,0.0,696204.4,207824.16,0.0,78180.88,0.0,67.1595793776,70.21202279248003,4.221851711398733,16.0,01.01.2024,196868,785457,18009664,58346,188598,18198262,302.3,7.91,2024-01-01,2024-01-27,89.5159,12.44
109,5,2024-02-03,42374415.9534,0,1,0,0,431511.36408757634,769092889.02,463970527.5309976,1096216.157,1894299.5216093222,527361.7414607999,1429049.96,3521464.383189788,816775.6657953281,0.0,260573.77704000002,0.0,84054.55271999999,0.0,2414.88,0.0,1080391.34,46196.84016,610851.12,187050.0,0.0,0.0,0.0,18478.736064,244340.44799999997,74820.0,0.0,0.0,0.0,527321.2938482759,25112.84182424916,0.0,103648.17575083426,0.0,319982.77999999997,259655.5,0.0,63443.92,0.0,42.3744159534,42.75594849136003,3.769869773125072,16.0,01.02.2024,75910,271760,18139109,60189,186024,18325133,294.8,8.4,2024-02-01,2024-02-03,90.6626,12.6
110,6,2024-02-10,130924949.6358,0,1,0,0,436562.019459153,760329445.16,463970527.5309976,2346307.8999999994,1935610.3563043796,617251.6579943999,2128550.7399999998,2894570.1430666484,880969.0834482759,0.0,268023.31032,0.0,94067.94552,0.0,2876.7,0.0,936789.4,137026.3456,213548.32,127108.0,0.0,0.0,23650.0,54810.538239999994,85419.328,50843.2,0.0,0.0,9460.0,820192.3342344827,31387.034482758612,0.0,106595.5172413793,0.0,774951.16,341806.14,0.0,58843.78,0.0,130.9249496358,58.829220796840026,4.8822331975277775,16.0,01.02.2024,75910,271760,18139109,60189,186024,18325133,294.8,8.4,2024-02-01,2024-02-10,90.8901,12.54
111,7,2024-02-17,135070275.50539997,0,1,0,0,396565.69437874336,752740509.3199999,463970527.5309976,1765683.3634,2016541.3428521228,0.0,0.0,2894570.1430666475,880969.0834482759,0.0,222993.28032,0.0,83588.62536,0.0,2134.52,0.0,463433.36,64786.34560000001,382968.32,161164.0,0.0,9890.0,0.0,25914.53824,153187.32799999998,64465.6,0.0,3956.0,0.0,877836.6034344827,31387.034482758612,0.0,106595.5172413793,0.0,836566.72,330270.1,0.0,55806.26,0.0,135.07027550539996,85.84327589792001,4.913171483933575,16.0,01.02.2024,75910,271760,18139109,60189,186024,18325133,294.8,8.4,2024-02-01,2024-02-17,92.5492,12.74
112,8,2024-02-24,124205553.6124,0,1,0,0,412780.17152675305,1365346405.1399999,463970527.5309976,490069.29720000003,1568639.4507881226,0.0,0.0,2894570.1430666475,880969.0834482759,0.0,187586.46456000002,0.0,100586.04719999999,0.0,1979.72,0.0,285298.12,28666.3456,305568.32,83850.0,0.0,0.0,0.0,11466.53824,122227.328,33540.0,0.0,0.0,0.0,863486.8498344828,31387.034482758612,0.0,106595.5172413793,0.0,748376.3,294888.83999999997,0.0,49628.02,0.0,124.2055536124,99.94695481692001,4.829956815608732,16.0,01.02.2024,75910,271760,18139109,60189,186024,18325133,294.8,8.4,2024-02-01,2024-02-23,92.7519,12.8
113,9,2024-03-02,77572144.17899999,0,1,0,0,376198.56536857417,1125617010.54,275398993.8056691,5474897.866599999,2545622.6203197152,3034.1101344,22968.02,2835239.6146322847,833779.2473437145,0.0,215485.38744,0.0,103052.2692,0.0,2033.8999999999999,0.0,191565.86,210528.8772,849858.02,97868.0,0.0,0.0,23650.0,84211.55088,339943.208,39147.2,0.0,0.0,9460.0,1136063.6161708564,59881.25472747497,0.0,213492.36929922135,0.0,1086990.1199999999,752375.3,0.0,99543.28,0.0,77.57214417899999,102.02946777720001,4.3640172368624555,16.0,01.03.2024,95561,332814,18219693,61235,185229,18404922,292.1,9.28,2024-03-01,2024-03-02,91.3336,12.63
114,10,2024-03-09,328111558.781,0,1,0,0,422008.43573118973,4755847959.62,275398993.8056691,208621.1736,224983.92075806452,759436.6138344,2549443.34,2756132.243386475,770859.4658709676,0.0,203269.93367999996,0.0,104440.50528,0.0,2042.5,0.0,118781.48,0.0,0.0,0.0,0.0,0.0,0.0,0.0,0.0,0.0,0.0,0.0,0.0,0.0,0.0,0.0,0.0,0.0,0.0,0.0,0.0,0.0,0.0,328.11155878100004,159.17689634272,5.796396777729965,16.0,01.03.2024,95561,332814,18219693,61235,185229,18404922,292.1,9.28,2024-03-01,2024-03-08,90.7493,12.58
115,11,2024-03-16,168802625.08339998,0,1,0,0,447277.755917859,1861576661.5,275398993.8056691,1843152.3268000004,1258221.5189551972,830994.9983712,3226012.2199999997,2751928.219386475,769441.1538709676,0.0,188505.09936000002,0.0,176876.75040000002,0.0,1983.16,0.0,183710.62,84682.5316,316389.7,94600.0,0.0,9890.0,23650.0,33873.01264,126555.88,37840.0,0.0,3956.0,9460.0,655148.2380258064,29362.064516129027,0.0,106806.45161290321,0.0,589485.28,483184.12,0.0,53298.5,0.0,168.8026250834,166.75243143224003,5.134636733612869,16.0,01.03.2024,95561,332814,18219693,61235,185229,18404922,292.1,9.28,2024-03-01,2024-03-16,91.87,12.73
116,12,2024-03-23,254433161.98839998,0,1,0,0,390714.3150927518,3275989352.7,275398993.8056691,3584626.2774,1285929.5589551972,894100.3136328,3119778.14,2741418.159386475,765895.3738709677,0.0,128970.71184000002,0.0,168620.5956,0.0,1684.74,0.0,198025.32,45122.531599999995,256189.69999999998,37840.0,0.0,29670.0,0.0,18049.012639999997,102475.88,15136.0,0.0,11868.0,0.0,685022.3676258065,29362.064516129027,0.0,106806.45161290321,0.0,598050.88,318181.08,0.0,48859.18,0.0,254.43316198839997,190.62500872884002,5.542960778507032,16.0,01.03.2024,95561,332814,18219693,61235,185229,18404922,292.1,9.28,2024-03-01,2024-03-23,92.6118,12.74
117,13,2024-03-30,294618848.2632,0,1,0,0,409591.0583389406,2386451285.3,275398993.8056691,5265565.4816,1248736.7533551971,968449.7601263999,2941784.8,2741418.159386475,765895.3738709677,0.0,127949.01120000001,0.0,160433.5332,0.0,1554.8799999999999,0.0,144682.1,25342.531600000002,228239.69999999998,18920.0,0.0,0.0,0.0,10137.01264,91295.88,7568.0,0.0,0.0,0.0,583476.8872258064,29362.064516129027,0.0,106806.45161290321,0.0,605979.22,299097.68,0.0,46268.0,0.0,294.6188482632,224.70766765900004,5.689070949772008,16.0,01.03.2024,95561,332814,18219693,61235,185229,18404922,292.1,9.28,2024-03-01,2024-03-30,92.366,12.67
